,target_code,filepath,set
0,True,..\datasets\ddi-diverse-dermatology-images\000001.png,valid
1,True,..\datasets\ddi-diverse-dermatology-images\000002.png,train
2,True,..\datasets\ddi-diverse-dermatology-images\000003.png,train
3,True,..\datasets\ddi-diverse-dermatology-images\000004.png,test
4,True,..\datasets\ddi-diverse-dermatology-images\000005.png,train
5,True,..\datasets\ddi-diverse-dermatology-images\000006.png,train
6,True,..\datasets\ddi-diverse-dermatology-images\000007.png,train
7,True,..\datasets\ddi-diverse-dermatology-images\000008.png,train
8,True,..\datasets\ddi-diverse-dermatology-images\000009.png,train
9,True,..\datasets\ddi-diverse-dermatology-images\000010.png,train
10,True,..\datasets\ddi-diverse-dermatology-images\000011.png,train
11,True,..\datasets\ddi-diverse-dermatology-images\000012.png,valid
12,True,..\datasets\ddi-diverse-dermatology-images\000013.png,valid
13,True,..\datasets\ddi-diverse-dermatology-images\000014.png,train
14,True,..\datasets\ddi-diverse-dermatology-images\000015.png,train
15,True,..\datasets\ddi-diverse-dermatology-images\000016.png,train
16,True,..\datasets\ddi-diverse-dermatology-images\000017.png,train
17,True,..\datasets\ddi-diverse-dermatology-images\000018.png,train
18,True,..\datasets\ddi-diverse-dermatology-images\000019.png,test
19,True,..\datasets\ddi-diverse-dermatology-images\000020.png,train
20,True,..\datasets\ddi-diverse-dermatology-images\000021.png,train
21,True,..\datasets\ddi-diverse-dermatology-images\000022.png,train
22,True,..\datasets\ddi-diverse-dermatology-images\000023.png,train
23,True,..\datasets\ddi-diverse-dermatology-images\000024.png,train
24,True,..\datasets\ddi-diverse-dermatology-images\000025.png,test
25,True,..\datasets\ddi-diverse-dermatology-images\000026.png,test
26,True,..\datasets\ddi-diverse-dermatology-images\000027.png,train
27,True,..\datasets\ddi-diverse-dermatology-images\000028.png,train
28,True,..\datasets\ddi-diverse-dermatology-images\000029.png,train
29,True,..\datasets\ddi-diverse-dermatology-images\000030.png,train
30,True,..\datasets\ddi-diverse-dermatology-images\000031.png,train
31,True,..\datasets\ddi-diverse-dermatology-images\000032.png,valid
32,True,..\datasets\ddi-diverse-dermatology-images\000033.png,train
33,True,..\datasets\ddi-diverse-dermatology-images\000034.png,test
34,True,..\datasets\ddi-diverse-dermatology-images\000035.png,train
35,False,..\datasets\ddi-diverse-dermatology-images\000036.png,train
36,True,..\datasets\ddi-diverse-dermatology-images\000037.png,train
37,True,..\datasets\ddi-diverse-dermatology-images\000038.png,train
38,True,..\datasets\ddi-diverse-dermatology-images\000039.png,train
39,True,..\datasets\ddi-diverse-dermatology-images\000040.png,train
40,True,..\datasets\ddi-diverse-dermatology-images\000041.png,train
41,False,..\datasets\ddi-diverse-dermatology-images\000042.png,train
42,True,..\datasets\ddi-diverse-dermatology-images\000043.png,train
43,True,..\datasets\ddi-diverse-dermatology-images\000044.png,train
44,True,..\datasets\ddi-diverse-dermatology-images\000045.png,train
45,False,..\datasets\ddi-diverse-dermatology-images\000046.png,train
46,False,..\datasets\ddi-diverse-dermatology-images\000047.png,train
47,False,..\datasets\ddi-diverse-dermatology-images\000048.png,train
48,False,..\datasets\ddi-diverse-dermatology-images\000049.png,train
49,True,..\datasets\ddi-diverse-dermatology-images\000050.png,train
50,False,..\datasets\ddi-diverse-dermatology-images\000051.png,train
51,True,..\datasets\ddi-diverse-dermatology-images\000052.png,train
52,False,..\datasets\ddi-diverse-dermatology-images\000053.png,train
53,False,..\datasets\ddi-diverse-dermatology-images\000054.png,train
54,False,..\datasets\ddi-diverse-dermatology-images\000055.png,train
55,False,..\datasets\ddi-diverse-dermatology-images\000056.png,train
56,False,..\datasets\ddi-diverse-dermatology-images\000057.png,train
57,False,..\datasets\ddi-diverse-dermatology-images\000058.png,train
58,False,..\datasets\ddi-diverse-dermatology-images\000059.png,train
59,False,..\datasets\ddi-diverse-dermatology-images\000060.png,train
60,False,..\datasets\ddi-diverse-dermatology-images\000061.png,train
61,False,..\datasets\ddi-diverse-dermatology-images\000062.png,train
62,False,..\datasets\ddi-diverse-dermatology-images\000063.png,train
63,False,..\datasets\ddi-diverse-dermatology-images\000064.png,train
64,True,..\datasets\ddi-diverse-dermatology-images\000065.png,train
65,True,..\datasets\ddi-diverse-dermatology-images\000066.png,train
66,False,..\datasets\ddi-diverse-dermatology-images\000067.png,test
67,True,..\datasets\ddi-diverse-dermatology-images\000068.png,train
68,True,..\datasets\ddi-diverse-dermatology-images\000069.png,train
69,False,..\datasets\ddi-diverse-dermatology-images\000070.png,train
70,True,..\datasets\ddi-diverse-dermatology-images\000071.png,train
71,True,..\datasets\ddi-diverse-dermatology-images\000072.png,test
72,True,..\datasets\ddi-diverse-dermatology-images\000073.png,train
73,True,..\datasets\ddi-diverse-dermatology-images\000074.png,train
74,False,..\datasets\ddi-diverse-dermatology-images\000075.png,train
75,False,..\datasets\ddi-diverse-dermatology-images\000076.png,test
76,False,..\datasets\ddi-diverse-dermatology-images\000077.png,train
77,False,..\datasets\ddi-diverse-dermatology-images\000078.png,train
78,False,..\datasets\ddi-diverse-dermatology-images\000079.png,train
79,False,..\datasets\ddi-diverse-dermatology-images\000080.png,train
80,False,..\datasets\ddi-diverse-dermatology-images\000081.png,train
81,False,..\datasets\ddi-diverse-dermatology-images\000082.png,train
82,False,..\datasets\ddi-diverse-dermatology-images\000083.png,train
83,False,..\datasets\ddi-diverse-dermatology-images\000084.png,train
84,True,..\datasets\ddi-diverse-dermatology-images\000085.png,train
85,True,..\datasets\ddi-diverse-dermatology-images\000086.png,train
86,False,..\datasets\ddi-diverse-dermatology-images\000087.png,train
87,False,..\datasets\ddi-diverse-dermatology-images\000088.png,test
88,False,..\datasets\ddi-diverse-dermatology-images\000089.png,train
89,False,..\datasets\ddi-diverse-dermatology-images\000090.png,train
90,False,..\datasets\ddi-diverse-dermatology-images\000091.png,train
91,False,..\datasets\ddi-diverse-dermatology-images\000092.png,train
92,False,..\datasets\ddi-diverse-dermatology-images\000093.png,train
93,False,..\datasets\ddi-diverse-dermatology-images\000094.png,train
94,False,..\datasets\ddi-diverse-dermatology-images\000095.png,train
95,False,..\datasets\ddi-diverse-dermatology-images\000096.png,train
96,False,..\datasets\ddi-diverse-dermatology-images\000097.png,train
97,False,..\datasets\ddi-diverse-dermatology-images\000098.png,train
98,False,..\datasets\ddi-diverse-dermatology-images\000099.png,train
99,False,..\datasets\ddi-diverse-dermatology-images\000100.png,valid
100,False,..\datasets\ddi-diverse-dermatology-images\000101.png,train
101,False,..\datasets\ddi-diverse-dermatology-images\000102.png,train
102,False,..\datasets\ddi-diverse-dermatology-images\000103.png,train
103,False,..\datasets\ddi-diverse-dermatology-images\000104.png,train
104,False,..\datasets\ddi-diverse-dermatology-images\000105.png,train
105,False,..\datasets\ddi-diverse-dermatology-images\000106.png,train
106,False,..\datasets\ddi-diverse-dermatology-images\000107.png,train
107,False,..\datasets\ddi-diverse-dermatology-images\000108.png,valid
108,False,..\datasets\ddi-diverse-dermatology-images\000109.png,test
109,False,..\datasets\ddi-diverse-dermatology-images\000110.png,train
110,False,..\datasets\ddi-diverse-dermatology-images\000111.png,valid
111,False,..\datasets\ddi-diverse-dermatology-images\000112.png,train
112,False,..\datasets\ddi-diverse-dermatology-images\000113.png,train
113,False,..\datasets\ddi-diverse-dermatology-images\000114.png,train
114,False,..\datasets\ddi-diverse-dermatology-images\000115.png,train
115,False,..\datasets\ddi-diverse-dermatology-images\000116.png,train
116,False,..\datasets\ddi-diverse-dermatology-images\000117.png,train
117,False,..\datasets\ddi-diverse-dermatology-images\000118.png,train
118,False,..\datasets\ddi-diverse-dermatology-images\000119.png,test
119,False,..\datasets\ddi-diverse-dermatology-images\000120.png,train
120,False,..\datasets\ddi-diverse-dermatology-images\000121.png,train
121,False,..\datasets\ddi-diverse-dermatology-images\000122.png,train
122,False,..\datasets\ddi-diverse-dermatology-images\000123.png,test
123,False,..\datasets\ddi-diverse-dermatology-images\000124.png,train
124,True,..\datasets\ddi-diverse-dermatology-images\000125.png,train
125,True,..\datasets\ddi-diverse-dermatology-images\000126.png,train
126,False,..\datasets\ddi-diverse-dermatology-images\000127.png,train
127,False,..\datasets\ddi-diverse-dermatology-images\000128.png,train
128,False,..\datasets\ddi-diverse-dermatology-images\000129.png,train
129,False,..\datasets\ddi-diverse-dermatology-images\000130.png,train
130,False,..\datasets\ddi-diverse-dermatology-images\000131.png,train
131,False,..\datasets\ddi-diverse-dermatology-images\000132.png,train
132,False,..\datasets\ddi-diverse-dermatology-images\000133.png,train
133,False,..\datasets\ddi-diverse-dermatology-images\000134.png,train
134,False,..\datasets\ddi-diverse-dermatology-images\000135.png,train
135,False,..\datasets\ddi-diverse-dermatology-images\000136.png,train
136,False,..\datasets\ddi-diverse-dermatology-images\000137.png,train
137,False,..\datasets\ddi-diverse-dermatology-images\000138.png,train
138,False,..\datasets\ddi-diverse-dermatology-images\000139.png,train
139,False,..\datasets\ddi-diverse-dermatology-images\000140.png,train
140,False,..\datasets\ddi-diverse-dermatology-images\000141.png,train
141,False,..\datasets\ddi-diverse-dermatology-images\000142.png,train
142,False,..\datasets\ddi-diverse-dermatology-images\000143.png,test
143,False,..\datasets\ddi-diverse-dermatology-images\000144.png,train
144,False,..\datasets\ddi-diverse-dermatology-images\000145.png,train
145,False,..\datasets\ddi-diverse-dermatology-images\000146.png,valid
146,False,..\datasets\ddi-diverse-dermatology-images\000147.png,train
147,False,..\datasets\ddi-diverse-dermatology-images\000148.png,train
148,False,..\datasets\ddi-diverse-dermatology-images\000149.png,train
149,False,..\datasets\ddi-diverse-dermatology-images\000150.png,train
150,False,..\datasets\ddi-diverse-dermatology-images\000151.png,valid
151,False,..\datasets\ddi-diverse-dermatology-images\000152.png,train
152,False,..\datasets\ddi-diverse-dermatology-images\000153.png,train
153,True,..\datasets\ddi-diverse-dermatology-images\000154.png,train
154,False,..\datasets\ddi-diverse-dermatology-images\000155.png,train
155,False,..\datasets\ddi-diverse-dermatology-images\000156.png,test
156,False,..\datasets\ddi-diverse-dermatology-images\000157.png,train
157,True,..\datasets\ddi-diverse-dermatology-images\000158.png,train
158,False,..\datasets\ddi-diverse-dermatology-images\000159.png,train
159,False,..\datasets\ddi-diverse-dermatology-images\000160.png,valid
160,False,..\datasets\ddi-diverse-dermatology-images\000161.png,train
161,True,..\datasets\ddi-diverse-dermatology-images\000162.png,valid
162,False,..\datasets\ddi-diverse-dermatology-images\000163.png,valid
163,False,..\datasets\ddi-diverse-dermatology-images\000164.png,train
164,True,..\datasets\ddi-diverse-dermatology-images\000165.png,train
165,True,..\datasets\ddi-diverse-dermatology-images\000166.png,train
166,False,..\datasets\ddi-diverse-dermatology-images\000167.png,train
167,False,..\datasets\ddi-diverse-dermatology-images\000168.png,train
168,True,..\datasets\ddi-diverse-dermatology-images\000169.png,train
169,False,..\datasets\ddi-diverse-dermatology-images\000170.png,valid
170,False,..\datasets\ddi-diverse-dermatology-images\000171.png,valid
171,False,..\datasets\ddi-diverse-dermatology-images\000172.png,train
172,True,..\datasets\ddi-diverse-dermatology-images\000173.png,test
173,False,..\datasets\ddi-diverse-dermatology-images\000174.png,train
174,False,..\datasets\ddi-diverse-dermatology-images\000175.png,valid
175,False,..\datasets\ddi-diverse-dermatology-images\000176.png,train
176,False,..\datasets\ddi-diverse-dermatology-images\000177.png,test
177,False,..\datasets\ddi-diverse-dermatology-images\000178.png,train
178,False,..\datasets\ddi-diverse-dermatology-images\000179.png,test
179,False,..\datasets\ddi-diverse-dermatology-images\000180.png,train
180,False,..\datasets\ddi-diverse-dermatology-images\000181.png,train
181,False,..\datasets\ddi-diverse-dermatology-images\000182.png,train
182,False,..\datasets\ddi-diverse-dermatology-images\000183.png,train
183,False,..\datasets\ddi-diverse-dermatology-images\000184.png,train
184,False,..\datasets\ddi-diverse-dermatology-images\000185.png,train
185,False,..\datasets\ddi-diverse-dermatology-images\000186.png,train
186,False,..\datasets\ddi-diverse-dermatology-images\000187.png,valid
187,False,..\datasets\ddi-diverse-dermatology-images\000188.png,train
188,False,..\datasets\ddi-diverse-dermatology-images\000189.png,test
189,False,..\datasets\ddi-diverse-dermatology-images\000190.png,train
190,False,..\datasets\ddi-diverse-dermatology-images\000191.png,valid
191,False,..\datasets\ddi-diverse-dermatology-images\000192.png,train
192,False,..\datasets\ddi-diverse-dermatology-images\000193.png,train
193,False,..\datasets\ddi-diverse-dermatology-images\000194.png,train
194,False,..\datasets\ddi-diverse-dermatology-images\000195.png,train
195,False,..\datasets\ddi-diverse-dermatology-images\000196.png,train
196,False,..\datasets\ddi-diverse-dermatology-images\000197.png,train
197,False,..\datasets\ddi-diverse-dermatology-images\000198.png,train
198,False,..\datasets\ddi-diverse-dermatology-images\000199.png,train
199,False,..\datasets\ddi-diverse-dermatology-images\000200.png,train
200,False,..\datasets\ddi-diverse-dermatology-images\000201.png,train
201,False,..\datasets\ddi-diverse-dermatology-images\000202.png,train
202,False,..\datasets\ddi-diverse-dermatology-images\000203.png,train
203,False,..\datasets\ddi-diverse-dermatology-images\000204.png,train
204,False,..\datasets\ddi-diverse-dermatology-images\000205.png,train
205,False,..\datasets\ddi-diverse-dermatology-images\000206.png,train
206,False,..\datasets\ddi-diverse-dermatology-images\000207.png,train
207,False,..\datasets\ddi-diverse-dermatology-images\000208.png,train
208,False,..\datasets\ddi-diverse-dermatology-images\000209.png,train
209,False,..\datasets\ddi-diverse-dermatology-images\000210.png,train
210,False,..\datasets\ddi-diverse-dermatology-images\000211.png,train
211,False,..\datasets\ddi-diverse-dermatology-images\000212.png,train
212,False,..\datasets\ddi-diverse-dermatology-images\000213.png,train
213,False,..\datasets\ddi-diverse-dermatology-images\000214.png,train
214,False,..\datasets\ddi-diverse-dermatology-images\000215.png,train
215,False,..\datasets\ddi-diverse-dermatology-images\000216.png,train
216,False,..\datasets\ddi-diverse-dermatology-images\000217.png,train
217,False,..\datasets\ddi-diverse-dermatology-images\000218.png,train
218,False,..\datasets\ddi-diverse-dermatology-images\000219.png,train
219,False,..\datasets\ddi-diverse-dermatology-images\000220.png,train
220,False,..\datasets\ddi-diverse-dermatology-images\000221.png,train
221,False,..\datasets\ddi-diverse-dermatology-images\000222.png,train
222,False,..\datasets\ddi-diverse-dermatology-images\000223.png,train
223,False,..\datasets\ddi-diverse-dermatology-images\000224.png,test
224,False,..\datasets\ddi-diverse-dermatology-images\000225.png,train
225,False,..\datasets\ddi-diverse-dermatology-images\000226.png,train
226,False,..\datasets\ddi-diverse-dermatology-images\000227.png,test
227,False,..\datasets\ddi-diverse-dermatology-images\000228.png,train
228,False,..\datasets\ddi-diverse-dermatology-images\000229.png,train
229,False,..\datasets\ddi-diverse-dermatology-images\000230.png,train
230,False,..\datasets\ddi-diverse-dermatology-images\000231.png,train
231,False,..\datasets\ddi-diverse-dermatology-images\000232.png,test
232,False,..\datasets\ddi-diverse-dermatology-images\000233.png,train
233,False,..\datasets\ddi-diverse-dermatology-images\000234.png,test
234,False,..\datasets\ddi-diverse-dermatology-images\000235.png,train
235,False,..\datasets\ddi-diverse-dermatology-images\000236.png,train
236,False,..\datasets\ddi-diverse-dermatology-images\000237.png,train
237,False,..\datasets\ddi-diverse-dermatology-images\000238.png,train
238,False,..\datasets\ddi-diverse-dermatology-images\000239.png,train
239,False,..\datasets\ddi-diverse-dermatology-images\000240.png,train
240,False,..\datasets\ddi-diverse-dermatology-images\000241.png,train
241,False,..\datasets\ddi-diverse-dermatology-images\000242.png,train
242,False,..\datasets\ddi-diverse-dermatology-images\000243.png,train
243,True,..\datasets\ddi-diverse-dermatology-images\000244.png,train
244,False,..\datasets\ddi-diverse-dermatology-images\000245.png,train
245,False,..\datasets\ddi-diverse-dermatology-images\000246.png,train
246,False,..\datasets\ddi-diverse-dermatology-images\000247.png,train
247,False,..\datasets\ddi-diverse-dermatology-images\000248.png,train
248,False,..\datasets\ddi-diverse-dermatology-images\000249.png,valid
249,False,..\datasets\ddi-diverse-dermatology-images\000250.png,train
250,False,..\datasets\ddi-diverse-dermatology-images\000251.png,train
251,False,..\datasets\ddi-diverse-dermatology-images\000252.png,train
252,False,..\datasets\ddi-diverse-dermatology-images\000253.png,train
253,False,..\datasets\ddi-diverse-dermatology-images\000254.png,test
254,False,..\datasets\ddi-diverse-dermatology-images\000255.png,train
255,False,..\datasets\ddi-diverse-dermatology-images\000256.png,train
256,False,..\datasets\ddi-diverse-dermatology-images\000257.png,test
257,False,..\datasets\ddi-diverse-dermatology-images\000258.png,train
258,False,..\datasets\ddi-diverse-dermatology-images\000259.png,train
259,False,..\datasets\ddi-diverse-dermatology-images\000260.png,test
260,True,..\datasets\ddi-diverse-dermatology-images\000261.png,train
261,True,..\datasets\ddi-diverse-dermatology-images\000262.png,train
262,True,..\datasets\ddi-diverse-dermatology-images\000263.png,train
263,False,..\datasets\ddi-diverse-dermatology-images\000264.png,test
264,False,..\datasets\ddi-diverse-dermatology-images\000265.png,valid
265,False,..\datasets\ddi-diverse-dermatology-images\000266.png,train
266,False,..\datasets\ddi-diverse-dermatology-images\000267.png,test
267,False,..\datasets\ddi-diverse-dermatology-images\000268.png,train
268,False,..\datasets\ddi-diverse-dermatology-images\000269.png,train
269,False,..\datasets\ddi-diverse-dermatology-images\000270.png,valid
270,False,..\datasets\ddi-diverse-dermatology-images\000271.png,train
271,False,..\datasets\ddi-diverse-dermatology-images\000272.png,test
272,False,..\datasets\ddi-diverse-dermatology-images\000273.png,train
273,False,..\datasets\ddi-diverse-dermatology-images\000274.png,train
274,False,..\datasets\ddi-diverse-dermatology-images\000275.png,train
275,False,..\datasets\ddi-diverse-dermatology-images\000276.png,train
276,False,..\datasets\ddi-diverse-dermatology-images\000277.png,train
277,False,..\datasets\ddi-diverse-dermatology-images\000278.png,train
278,False,..\datasets\ddi-diverse-dermatology-images\000279.png,train
279,False,..\datasets\ddi-diverse-dermatology-images\000280.png,train
280,False,..\datasets\ddi-diverse-dermatology-images\000281.png,valid
281,False,..\datasets\ddi-diverse-dermatology-images\000282.png,train
282,False,..\datasets\ddi-diverse-dermatology-images\000283.png,train
283,False,..\datasets\ddi-diverse-dermatology-images\000284.png,valid
284,False,..\datasets\ddi-diverse-dermatology-images\000285.png,train
285,False,..\datasets\ddi-diverse-dermatology-images\000286.png,train
286,False,..\datasets\ddi-diverse-dermatology-images\000287.png,train
287,False,..\datasets\ddi-diverse-dermatology-images\000288.png,train
288,True,..\datasets\ddi-diverse-dermatology-images\000289.png,train
289,True,..\datasets\ddi-diverse-dermatology-images\000290.png,train
290,True,..\datasets\ddi-diverse-dermatology-images\000291.png,train
291,True,..\datasets\ddi-diverse-dermatology-images\000292.png,train
292,True,..\datasets\ddi-diverse-dermatology-images\000293.png,valid
293,True,..\datasets\ddi-diverse-dermatology-images\000294.png,train
294,True,..\datasets\ddi-diverse-dermatology-images\000295.png,train
295,True,..\datasets\ddi-diverse-dermatology-images\000296.png,train
296,True,..\datasets\ddi-diverse-dermatology-images\000297.png,test
297,True,..\datasets\ddi-diverse-dermatology-images\000298.png,train
298,True,..\datasets\ddi-diverse-dermatology-images\000299.png,train
299,True,..\datasets\ddi-diverse-dermatology-images\000300.png,train
300,True,..\datasets\ddi-diverse-dermatology-images\000301.png,train
301,True,..\datasets\ddi-diverse-dermatology-images\000302.png,train
302,False,..\datasets\ddi-diverse-dermatology-images\000303.png,valid
303,False,..\datasets\ddi-diverse-dermatology-images\000304.png,test
304,False,..\datasets\ddi-diverse-dermatology-images\000305.png,train
305,False,..\datasets\ddi-diverse-dermatology-images\000306.png,train
306,False,..\datasets\ddi-diverse-dermatology-images\000307.png,train
307,False,..\datasets\ddi-diverse-dermatology-images\000308.png,train
308,False,..\datasets\ddi-diverse-dermatology-images\000309.png,train
309,False,..\datasets\ddi-diverse-dermatology-images\000310.png,train
310,False,..\datasets\ddi-diverse-dermatology-images\000311.png,train
311,False,..\datasets\ddi-diverse-dermatology-images\000312.png,train
312,False,..\datasets\ddi-diverse-dermatology-images\000313.png,train
313,False,..\datasets\ddi-diverse-dermatology-images\000314.png,valid
314,False,..\datasets\ddi-diverse-dermatology-images\000315.png,train
315,False,..\datasets\ddi-diverse-dermatology-images\000316.png,valid
316,False,..\datasets\ddi-diverse-dermatology-images\000317.png,train
317,False,..\datasets\ddi-diverse-dermatology-images\000318.png,train
318,False,..\datasets\ddi-diverse-dermatology-images\000319.png,train
319,False,..\datasets\ddi-diverse-dermatology-images\000320.png,train
320,False,..\datasets\ddi-diverse-dermatology-images\000321.png,train
321,False,..\datasets\ddi-diverse-dermatology-images\000322.png,train
322,False,..\datasets\ddi-diverse-dermatology-images\000323.png,train
323,False,..\datasets\ddi-diverse-dermatology-images\000324.png,train
324,False,..\datasets\ddi-diverse-dermatology-images\000325.png,train
325,False,..\datasets\ddi-diverse-dermatology-images\000326.png,train
326,False,..\datasets\ddi-diverse-dermatology-images\000327.png,train
327,False,..\datasets\ddi-diverse-dermatology-images\000328.png,test
328,False,..\datasets\ddi-diverse-dermatology-images\000329.png,valid
329,False,..\datasets\ddi-diverse-dermatology-images\000330.png,test
330,False,..\datasets\ddi-diverse-dermatology-images\000331.png,train
331,False,..\datasets\ddi-diverse-dermatology-images\000332.png,train
332,False,..\datasets\ddi-diverse-dermatology-images\000333.png,train
333,False,..\datasets\ddi-diverse-dermatology-images\000334.png,train
334,False,..\datasets\ddi-diverse-dermatology-images\000335.png,train
335,False,..\datasets\ddi-diverse-dermatology-images\000336.png,train
336,False,..\datasets\ddi-diverse-dermatology-images\000337.png,train
337,False,..\datasets\ddi-diverse-dermatology-images\000338.png,train
338,False,..\datasets\ddi-diverse-dermatology-images\000339.png,train
339,False,..\datasets\ddi-diverse-dermatology-images\000340.png,train
340,False,..\datasets\ddi-diverse-dermatology-images\000341.png,train
341,False,..\datasets\ddi-diverse-dermatology-images\000342.png,train
342,False,..\datasets\ddi-diverse-dermatology-images\000343.png,test
343,False,..\datasets\ddi-diverse-dermatology-images\000344.png,train
344,False,..\datasets\ddi-diverse-dermatology-images\000345.png,train
345,False,..\datasets\ddi-diverse-dermatology-images\000346.png,train
346,False,..\datasets\ddi-diverse-dermatology-images\000347.png,train
347,False,..\datasets\ddi-diverse-dermatology-images\000348.png,valid
348,False,..\datasets\ddi-diverse-dermatology-images\000349.png,test
349,False,..\datasets\ddi-diverse-dermatology-images\000350.png,valid
350,False,..\datasets\ddi-diverse-dermatology-images\000351.png,test
351,False,..\datasets\ddi-diverse-dermatology-images\000352.png,train
352,False,..\datasets\ddi-diverse-dermatology-images\000353.png,train
353,False,..\datasets\ddi-diverse-dermatology-images\000354.png,valid
354,False,..\datasets\ddi-diverse-dermatology-images\000355.png,train
355,False,..\datasets\ddi-diverse-dermatology-images\000356.png,valid
356,False,..\datasets\ddi-diverse-dermatology-images\000357.png,train
357,False,..\datasets\ddi-diverse-dermatology-images\000358.png,train
358,True,..\datasets\ddi-diverse-dermatology-images\000359.png,train
359,False,..\datasets\ddi-diverse-dermatology-images\000360.png,train
360,False,..\datasets\ddi-diverse-dermatology-images\000361.png,valid
361,False,..\datasets\ddi-diverse-dermatology-images\000362.png,train
362,False,..\datasets\ddi-diverse-dermatology-images\000363.png,train
363,True,..\datasets\ddi-diverse-dermatology-images\000364.png,train
364,False,..\datasets\ddi-diverse-dermatology-images\000365.png,train
365,False,..\datasets\ddi-diverse-dermatology-images\000366.png,train
366,True,..\datasets\ddi-diverse-dermatology-images\000367.png,train
367,True,..\datasets\ddi-diverse-dermatology-images\000368.png,train
368,True,..\datasets\ddi-diverse-dermatology-images\000369.png,train
369,False,..\datasets\ddi-diverse-dermatology-images\000370.png,train
370,False,..\datasets\ddi-diverse-dermatology-images\000371.png,train
371,False,..\datasets\ddi-diverse-dermatology-images\000372.png,train
372,False,..\datasets\ddi-diverse-dermatology-images\000373.png,train
373,False,..\datasets\ddi-diverse-dermatology-images\000374.png,train
374,False,..\datasets\ddi-diverse-dermatology-images\000375.png,train
375,False,..\datasets\ddi-diverse-dermatology-images\000376.png,train
376,False,..\datasets\ddi-diverse-dermatology-images\000377.png,train
377,False,..\datasets\ddi-diverse-dermatology-images\000378.png,train
378,False,..\datasets\ddi-diverse-dermatology-images\000379.png,test
379,False,..\datasets\ddi-diverse-dermatology-images\000380.png,train
380,False,..\datasets\ddi-diverse-dermatology-images\000381.png,train
381,False,..\datasets\ddi-diverse-dermatology-images\000382.png,train
382,False,..\datasets\ddi-diverse-dermatology-images\000383.png,test
383,False,..\datasets\ddi-diverse-dermatology-images\000384.png,train
384,False,..\datasets\ddi-diverse-dermatology-images\000385.png,train
385,True,..\datasets\ddi-diverse-dermatology-images\000386.png,train
386,True,..\datasets\ddi-diverse-dermatology-images\000387.png,train
387,True,..\datasets\ddi-diverse-dermatology-images\000388.png,train
388,False,..\datasets\ddi-diverse-dermatology-images\000389.png,train
389,False,..\datasets\ddi-diverse-dermatology-images\000390.png,train
390,False,..\datasets\ddi-diverse-dermatology-images\000391.png,train
391,False,..\datasets\ddi-diverse-dermatology-images\000392.png,train
392,False,..\datasets\ddi-diverse-dermatology-images\000393.png,train
393,False,..\datasets\ddi-diverse-dermatology-images\000394.png,train
394,False,..\datasets\ddi-diverse-dermatology-images\000395.png,test
395,False,..\datasets\ddi-diverse-dermatology-images\000396.png,valid
396,True,..\datasets\ddi-diverse-dermatology-images\000397.png,train
397,False,..\datasets\ddi-diverse-dermatology-images\000398.png,valid
398,False,..\datasets\ddi-diverse-dermatology-images\000399.png,train
399,False,..\datasets\ddi-diverse-dermatology-images\000400.png,test
400,False,..\datasets\ddi-diverse-dermatology-images\000401.png,train
401,False,..\datasets\ddi-diverse-dermatology-images\000402.png,train
402,False,..\datasets\ddi-diverse-dermatology-images\000403.png,train
403,False,..\datasets\ddi-diverse-dermatology-images\000404.png,train
404,True,..\datasets\ddi-diverse-dermatology-images\000405.png,train
405,True,..\datasets\ddi-diverse-dermatology-images\000406.png,valid
406,True,..\datasets\ddi-diverse-dermatology-images\000407.png,train
407,True,..\datasets\ddi-diverse-dermatology-images\000408.png,train
408,True,..\datasets\ddi-diverse-dermatology-images\000409.png,train
409,True,..\datasets\ddi-diverse-dermatology-images\000410.png,train
410,False,..\datasets\ddi-diverse-dermatology-images\000411.png,valid
411,False,..\datasets\ddi-diverse-dermatology-images\000412.png,train
412,False,..\datasets\ddi-diverse-dermatology-images\000413.png,train
413,False,..\datasets\ddi-diverse-dermatology-images\000414.png,train
414,False,..\datasets\ddi-diverse-dermatology-images\000415.png,train
415,False,..\datasets\ddi-diverse-dermatology-images\000416.png,train
416,False,..\datasets\ddi-diverse-dermatology-images\000417.png,train
417,False,..\datasets\ddi-diverse-dermatology-images\000418.png,train
418,False,..\datasets\ddi-diverse-dermatology-images\000419.png,train
419,False,..\datasets\ddi-diverse-dermatology-images\000420.png,test
420,False,..\datasets\ddi-diverse-dermatology-images\000421.png,train
421,False,..\datasets\ddi-diverse-dermatology-images\000422.png,train
422,False,..\datasets\ddi-diverse-dermatology-images\000423.png,valid
423,False,..\datasets\ddi-diverse-dermatology-images\000424.png,train
424,False,..\datasets\ddi-diverse-dermatology-images\000425.png,valid
425,False,..\datasets\ddi-diverse-dermatology-images\000426.png,train
426,False,..\datasets\ddi-diverse-dermatology-images\000427.png,train
427,False,..\datasets\ddi-diverse-dermatology-images\000428.png,valid
428,False,..\datasets\ddi-diverse-dermatology-images\000429.png,train
429,False,..\datasets\ddi-diverse-dermatology-images\000430.png,valid
430,False,..\datasets\ddi-diverse-dermatology-images\000431.png,train
431,False,..\datasets\ddi-diverse-dermatology-images\000432.png,train
432,False,..\datasets\ddi-diverse-dermatology-images\000433.png,train
433,False,..\datasets\ddi-diverse-dermatology-images\000434.png,train
434,False,..\datasets\ddi-diverse-dermatology-images\000435.png,test
435,False,..\datasets\ddi-diverse-dermatology-images\000436.png,train
436,False,..\datasets\ddi-diverse-dermatology-images\000437.png,train
437,False,..\datasets\ddi-diverse-dermatology-images\000438.png,train
438,False,..\datasets\ddi-diverse-dermatology-images\000439.png,test
439,True,..\datasets\ddi-diverse-dermatology-images\000440.png,valid
440,False,..\datasets\ddi-diverse-dermatology-images\000441.png,valid
441,False,..\datasets\ddi-diverse-dermatology-images\000442.png,train
442,True,..\datasets\ddi-diverse-dermatology-images\000443.png,train
443,False,..\datasets\ddi-diverse-dermatology-images\000444.png,train
444,False,..\datasets\ddi-diverse-dermatology-images\000445.png,train
445,False,..\datasets\ddi-diverse-dermatology-images\000446.png,train
446,False,..\datasets\ddi-diverse-dermatology-images\000447.png,train
447,False,..\datasets\ddi-diverse-dermatology-images\000448.png,train
448,False,..\datasets\ddi-diverse-dermatology-images\000449.png,train
449,False,..\datasets\ddi-diverse-dermatology-images\000450.png,train
450,True,..\datasets\ddi-diverse-dermatology-images\000451.png,train
451,False,..\datasets\ddi-diverse-dermatology-images\000452.png,train
452,False,..\datasets\ddi-diverse-dermatology-images\000453.png,train
453,False,..\datasets\ddi-diverse-dermatology-images\000454.png,valid
454,False,..\datasets\ddi-diverse-dermatology-images\000455.png,test
455,False,..\datasets\ddi-diverse-dermatology-images\000456.png,train
456,False,..\datasets\ddi-diverse-dermatology-images\000457.png,train
457,False,..\datasets\ddi-diverse-dermatology-images\000458.png,test
458,False,..\datasets\ddi-diverse-dermatology-images\000459.png,train
459,False,..\datasets\ddi-diverse-dermatology-images\000460.png,train
460,False,..\datasets\ddi-diverse-dermatology-images\000461.png,valid
461,False,..\datasets\ddi-diverse-dermatology-images\000462.png,train
462,False,..\datasets\ddi-diverse-dermatology-images\000463.png,train
463,False,..\datasets\ddi-diverse-dermatology-images\000464.png,train
464,False,..\datasets\ddi-diverse-dermatology-images\000465.png,valid
465,False,..\datasets\ddi-diverse-dermatology-images\000466.png,train
466,False,..\datasets\ddi-diverse-dermatology-images\000467.png,train
467,False,..\datasets\ddi-diverse-dermatology-images\000468.png,train
468,False,..\datasets\ddi-diverse-dermatology-images\000469.png,train
469,False,..\datasets\ddi-diverse-dermatology-images\000470.png,test
470,False,..\datasets\ddi-diverse-dermatology-images\000471.png,train
471,False,..\datasets\ddi-diverse-dermatology-images\000472.png,train
472,False,..\datasets\ddi-diverse-dermatology-images\000473.png,valid
473,True,..\datasets\ddi-diverse-dermatology-images\000474.png,train
474,False,..\datasets\ddi-diverse-dermatology-images\000475.png,train
475,False,..\datasets\ddi-diverse-dermatology-images\000476.png,train
476,True,..\datasets\ddi-diverse-dermatology-images\000477.png,train
477,True,..\datasets\ddi-diverse-dermatology-images\000478.png,train
478,False,..\datasets\ddi-diverse-dermatology-images\000479.png,train
479,False,..\datasets\ddi-diverse-dermatology-images\000480.png,train
480,True,..\datasets\ddi-diverse-dermatology-images\000481.png,train
481,False,..\datasets\ddi-diverse-dermatology-images\000482.png,train
482,True,..\datasets\ddi-diverse-dermatology-images\000483.png,train
483,True,..\datasets\ddi-diverse-dermatology-images\000484.png,train
484,True,..\datasets\ddi-diverse-dermatology-images\000485.png,train
485,False,..\datasets\ddi-diverse-dermatology-images\000486.png,train
486,True,..\datasets\ddi-diverse-dermatology-images\000487.png,train
487,True,..\datasets\ddi-diverse-dermatology-images\000488.png,train
488,False,..\datasets\ddi-diverse-dermatology-images\000489.png,valid
489,False,..\datasets\ddi-diverse-dermatology-images\000490.png,train
490,False,..\datasets\ddi-diverse-dermatology-images\000491.png,train
491,False,..\datasets\ddi-diverse-dermatology-images\000492.png,test
492,True,..\datasets\ddi-diverse-dermatology-images\000493.png,train
493,True,..\datasets\ddi-diverse-dermatology-images\000494.png,train
494,False,..\datasets\ddi-diverse-dermatology-images\000495.png,train
495,False,..\datasets\ddi-diverse-dermatology-images\000496.png,valid
496,False,..\datasets\ddi-diverse-dermatology-images\000497.png,train
497,False,..\datasets\ddi-diverse-dermatology-images\000498.png,train
498,False,..\datasets\ddi-diverse-dermatology-images\000499.png,train
499,True,..\datasets\ddi-diverse-dermatology-images\000500.png,train
500,True,..\datasets\ddi-diverse-dermatology-images\000501.png,train
501,False,..\datasets\ddi-diverse-dermatology-images\000502.png,train
502,False,..\datasets\ddi-diverse-dermatology-images\000503.png,valid
503,False,..\datasets\ddi-diverse-dermatology-images\000504.png,train
504,False,..\datasets\ddi-diverse-dermatology-images\000505.png,train
505,False,..\datasets\ddi-diverse-dermatology-images\000506.png,train
506,False,..\datasets\ddi-diverse-dermatology-images\000507.png,valid
507,False,..\datasets\ddi-diverse-dermatology-images\000508.png,train
508,False,..\datasets\ddi-diverse-dermatology-images\000509.png,test
509,False,..\datasets\ddi-diverse-dermatology-images\000510.png,train
510,True,..\datasets\ddi-diverse-dermatology-images\000511.png,test
511,True,..\datasets\ddi-diverse-dermatology-images\000512.png,train
512,False,..\datasets\ddi-diverse-dermatology-images\000513.png,train
513,False,..\datasets\ddi-diverse-dermatology-images\000514.png,train
514,False,..\datasets\ddi-diverse-dermatology-images\000515.png,train
515,False,..\datasets\ddi-diverse-dermatology-images\000516.png,train
516,False,..\datasets\ddi-diverse-dermatology-images\000517.png,train
517,False,..\datasets\ddi-diverse-dermatology-images\000518.png,train
518,True,..\datasets\ddi-diverse-dermatology-images\000519.png,test
519,True,..\datasets\ddi-diverse-dermatology-images\000520.png,train
520,True,..\datasets\ddi-diverse-dermatology-images\000521.png,train
521,True,..\datasets\ddi-diverse-dermatology-images\000522.png,valid
522,False,..\datasets\ddi-diverse-dermatology-images\000523.png,train
523,False,..\datasets\ddi-diverse-dermatology-images\000524.png,train
524,False,..\datasets\ddi-diverse-dermatology-images\000525.png,train
525,False,..\datasets\ddi-diverse-dermatology-images\000526.png,train
526,False,..\datasets\ddi-diverse-dermatology-images\000527.png,train
527,False,..\datasets\ddi-diverse-dermatology-images\000528.png,train
528,False,..\datasets\ddi-diverse-dermatology-images\000529.png,test
529,False,..\datasets\ddi-diverse-dermatology-images\000530.png,train
530,False,..\datasets\ddi-diverse-dermatology-images\000531.png,train
531,True,..\datasets\ddi-diverse-dermatology-images\000532.png,train
532,True,..\datasets\ddi-diverse-dermatology-images\000533.png,train
533,False,..\datasets\ddi-diverse-dermatology-images\000534.png,train
534,True,..\datasets\ddi-diverse-dermatology-images\000535.png,test
535,False,..\datasets\ddi-diverse-dermatology-images\000536.png,train
536,True,..\datasets\ddi-diverse-dermatology-images\000537.png,train
537,False,..\datasets\ddi-diverse-dermatology-images\000538.png,train
538,False,..\datasets\ddi-diverse-dermatology-images\000539.png,train
539,False,..\datasets\ddi-diverse-dermatology-images\000540.png,valid
540,True,..\datasets\ddi-diverse-dermatology-images\000541.png,test
541,False,..\datasets\ddi-diverse-dermatology-images\000542.png,train
542,True,..\datasets\ddi-diverse-dermatology-images\000543.png,train
543,False,..\datasets\ddi-diverse-dermatology-images\000544.png,train
544,False,..\datasets\ddi-diverse-dermatology-images\000545.png,train
545,True,..\datasets\ddi-diverse-dermatology-images\000546.png,train
546,True,..\datasets\ddi-diverse-dermatology-images\000547.png,train
547,False,..\datasets\ddi-diverse-dermatology-images\000548.png,train
548,False,..\datasets\ddi-diverse-dermatology-images\000549.png,train
549,False,..\datasets\ddi-diverse-dermatology-images\000550.png,train
550,True,..\datasets\ddi-diverse-dermatology-images\000551.png,valid
551,True,..\datasets\ddi-diverse-dermatology-images\000552.png,train
552,False,..\datasets\ddi-diverse-dermatology-images\000553.png,train
553,True,..\datasets\ddi-diverse-dermatology-images\000554.png,train
554,True,..\datasets\ddi-diverse-dermatology-images\000555.png,valid
555,False,..\datasets\ddi-diverse-dermatology-images\000556.png,test
556,True,..\datasets\ddi-diverse-dermatology-images\000557.png,train
557,True,..\datasets\ddi-diverse-dermatology-images\000558.png,train
558,True,..\datasets\ddi-diverse-dermatology-images\000559.png,train
559,True,..\datasets\ddi-diverse-dermatology-images\000560.png,valid
560,False,..\datasets\ddi-diverse-dermatology-images\000561.png,valid
561,True,..\datasets\ddi-diverse-dermatology-images\000562.png,test
562,False,..\datasets\ddi-diverse-dermatology-images\000563.png,train
563,True,..\datasets\ddi-diverse-dermatology-images\000564.png,valid
564,True,..\datasets\ddi-diverse-dermatology-images\000565.png,valid
565,True,..\datasets\ddi-diverse-dermatology-images\000566.png,train
566,True,..\datasets\ddi-diverse-dermatology-images\000567.png,test
567,False,..\datasets\ddi-diverse-dermatology-images\000568.png,train
568,False,..\datasets\ddi-diverse-dermatology-images\000569.png,train
569,True,..\datasets\ddi-diverse-dermatology-images\000570.png,train
570,False,..\datasets\ddi-diverse-dermatology-images\000571.png,test
571,False,..\datasets\ddi-diverse-dermatology-images\000572.png,test
572,False,..\datasets\ddi-diverse-dermatology-images\000573.png,valid
573,True,..\datasets\ddi-diverse-dermatology-images\000574.png,train
574,True,..\datasets\ddi-diverse-dermatology-images\000575.png,train
575,False,..\datasets\ddi-diverse-dermatology-images\000576.png,train
576,False,..\datasets\ddi-diverse-dermatology-images\000577.png,valid
577,False,..\datasets\ddi-diverse-dermatology-images\000578.png,train
578,True,..\datasets\ddi-diverse-dermatology-images\000579.png,train
579,False,..\datasets\ddi-diverse-dermatology-images\000580.png,train
580,True,..\datasets\ddi-diverse-dermatology-images\000581.png,train
581,True,..\datasets\ddi-diverse-dermatology-images\000582.png,valid
582,True,..\datasets\ddi-diverse-dermatology-images\000583.png,train
583,True,..\datasets\ddi-diverse-dermatology-images\000584.png,test
584,True,..\datasets\ddi-diverse-dermatology-images\000585.png,train
585,False,..\datasets\ddi-diverse-dermatology-images\000586.png,train
586,True,..\datasets\ddi-diverse-dermatology-images\000587.png,train
587,True,..\datasets\ddi-diverse-dermatology-images\000588.png,test
588,True,..\datasets\ddi-diverse-dermatology-images\000589.png,train
589,True,..\datasets\ddi-diverse-dermatology-images\000590.png,test
590,True,..\datasets\ddi-diverse-dermatology-images\000591.png,train
591,True,..\datasets\ddi-diverse-dermatology-images\000592.png,train
592,True,..\datasets\ddi-diverse-dermatology-images\000593.png,valid
593,True,..\datasets\ddi-diverse-dermatology-images\000594.png,train
594,False,..\datasets\ddi-diverse-dermatology-images\000595.png,train
595,True,..\datasets\ddi-diverse-dermatology-images\000596.png,train
596,False,..\datasets\ddi-diverse-dermatology-images\000597.png,valid
597,True,..\datasets\ddi-diverse-dermatology-images\000598.png,train
598,False,..\datasets\ddi-diverse-dermatology-images\000599.png,train
599,True,..\datasets\ddi-diverse-dermatology-images\000600.png,train
600,False,..\datasets\ddi-diverse-dermatology-images\000601.png,test
601,False,..\datasets\ddi-diverse-dermatology-images\000602.png,train
602,False,..\datasets\ddi-diverse-dermatology-images\000603.png,train
603,False,..\datasets\ddi-diverse-dermatology-images\000604.png,train
604,False,..\datasets\ddi-diverse-dermatology-images\000605.png,valid
605,False,..\datasets\ddi-diverse-dermatology-images\000606.png,train
606,False,..\datasets\ddi-diverse-dermatology-images\000607.png,train
607,False,..\datasets\ddi-diverse-dermatology-images\000608.png,test
608,True,..\datasets\ddi-diverse-dermatology-images\000609.png,train
609,True,..\datasets\ddi-diverse-dermatology-images\000610.png,train
610,False,..\datasets\ddi-diverse-dermatology-images\000611.png,train
611,False,..\datasets\ddi-diverse-dermatology-images\000612.png,train
612,False,..\datasets\ddi-diverse-dermatology-images\000613.png,test
613,False,..\datasets\ddi-diverse-dermatology-images\000614.png,train
614,False,..\datasets\ddi-diverse-dermatology-images\000615.png,train
615,True,..\datasets\ddi-diverse-dermatology-images\000616.png,train
616,False,..\datasets\ddi-diverse-dermatology-images\000617.png,train
617,False,..\datasets\ddi-diverse-dermatology-images\000618.png,train
618,False,..\datasets\ddi-diverse-dermatology-images\000619.png,test
619,False,..\datasets\ddi-diverse-dermatology-images\000620.png,train
620,False,..\datasets\ddi-diverse-dermatology-images\000621.png,train
621,False,..\datasets\ddi-diverse-dermatology-images\000622.png,train
622,False,..\datasets\ddi-diverse-dermatology-images\000623.png,train
623,False,..\datasets\ddi-diverse-dermatology-images\000624.png,train
624,False,..\datasets\ddi-diverse-dermatology-images\000625.png,test
625,False,..\datasets\ddi-diverse-dermatology-images\000626.png,train
626,False,..\datasets\ddi-diverse-dermatology-images\000627.png,train
627,False,..\datasets\ddi-diverse-dermatology-images\000628.png,train
628,False,..\datasets\ddi-diverse-dermatology-images\000629.png,train
629,True,..\datasets\ddi-diverse-dermatology-images\000630.png,train
630,False,..\datasets\ddi-diverse-dermatology-images\000631.png,train
631,False,..\datasets\ddi-diverse-dermatology-images\000632.png,train
632,True,..\datasets\ddi-diverse-dermatology-images\000633.png,train
633,False,..\datasets\ddi-diverse-dermatology-images\000634.png,train
634,True,..\datasets\ddi-diverse-dermatology-images\000635.png,train
635,False,..\datasets\ddi-diverse-dermatology-images\000636.png,valid
636,True,..\datasets\ddi-diverse-dermatology-images\000637.png,valid
637,False,..\datasets\ddi-diverse-dermatology-images\000638.png,train
638,False,..\datasets\ddi-diverse-dermatology-images\000639.png,train
639,False,..\datasets\ddi-diverse-dermatology-images\000640.png,train
640,False,..\datasets\ddi-diverse-dermatology-images\000641.png,train
641,False,..\datasets\ddi-diverse-dermatology-images\000642.png,train
642,False,..\datasets\ddi-diverse-dermatology-images\000643.png,train
643,True,..\datasets\ddi-diverse-dermatology-images\000644.png,train
644,False,..\datasets\ddi-diverse-dermatology-images\000645.png,test
645,False,..\datasets\ddi-diverse-dermatology-images\000646.png,train
646,False,..\datasets\ddi-diverse-dermatology-images\000647.png,train
647,True,..\datasets\ddi-diverse-dermatology-images\000648.png,train
648,False,..\datasets\ddi-diverse-dermatology-images\000649.png,train
649,False,..\datasets\ddi-diverse-dermatology-images\000650.png,train
650,False,..\datasets\ddi-diverse-dermatology-images\000651.png,train
651,False,..\datasets\ddi-diverse-dermatology-images\000652.png,train
652,False,..\datasets\ddi-diverse-dermatology-images\000653.png,train
653,False,..\datasets\ddi-diverse-dermatology-images\000654.png,train
654,True,..\datasets\ddi-diverse-dermatology-images\000655.png,train
655,True,..\datasets\ddi-diverse-dermatology-images\000656.png,train
